Ticker,MCap_Cr,ROE_Latest,ROCE_Latest,OPM_Latest,Revenue_CAGR_AllYears,PAT_CAGR_AllYears
RELIANCE,1770047.46,9.14,,9.98,12.5,-12.6
TCS,717321.98,48.4,,25.29,9.6,12.2
LT,563030.94,16.95,,10.71,11.7,-34.5
LICI,549895.33,42.36,,5.5,14.8,55.5
HINDUNILVR,512680.84,21.6,,21.14,4.3,21.4
MARUTI,452582.49,14.43,,8.41,28.2,-6.4
M&M,375838.58,18.75,,16.4,30.9,44.8
NTPC,347043.69,13.69,,18.43,8.0,-1.6
BEL,304269.54,27.56,,27.47,11.7,4.5
HAL,296561.57,23.98,,26.95,1.8,5.5
ONGC,295623.98,12.7,,9.21,1.9,47.8
BAJAJFINSV,287347.83,14.6,,37.21,5.3,5.7
COALINDIA,267924.62,28.12,,20.92,16.2,12.9
POWERGRID,267438.86,16.49,,49.47,-5.0,9.6
GRASIM,212973.37,6.29,,17.29,10.5,60.8
HINDALCO,210131.31,10.29,,9.98,20.4,-50.9
INDIGO,208756.38,,,15.76,6.2,-77.6
IOC,197457.28,20.97,,9.24,6.7,78.1
EICHERMOT,195963.79,23.77,,21.09,19.1,11.5
SBILIFE,179670.35,13.7,,21.17,-82.2,-1.1
TRENT,175449.43,27.13,,11.12,19.2,25.8
DIVISLAB,173762.45,16.19,,28.75,9.5,13.6
SOLARINDS,168402.0,31.33,,26.17,40.9,70.0
ICICIAMC,168344.46,85.8,,73.06,8.2,10.4
WIPRO,168264.78,15.44,,17.18,7.7,-1.6
TVSMOTOR,166044.05,31.62,,12.48,31.3,19.1
JIOFIN,158482.0,1.21,,43.08,39.4,-14.0
CUMMINSIND,156978.35,29.45,,24.44,21.9,22.7
HYUNDAI,155869.76,29.92,,7.31,4.8,-22.2
MOTHERSON,155346.18,10.11,,7.13,14.9,43.0
CGPOWER,153796.71,19.56,,12.12,25.0,30.5
CHOLAFIN,153746.94,19.33,,56.11,24.1,29.1
BHEL,144140.02,6.29,,13.53,36.9,156.4
PFC,142151.88,20.47,,93.32,-15.4,10.8
BPCL,129972.04,28.47,,8.16,6.7,28.0
TMPV,128080.23,-1.12,,6.18,-11.8,-32.9
GROWW,127106.88,28.72,,61.3,83.5,111.8
SIEMENS,126803.82,,,8.02,14.6,-36.4
GVT&D,125352.7,55.26,,26.44,42.0,88.7
HDFCLIFE,123789.46,11.28,,3.79,-17.7,4.1
TATAPOWER,119969.02,11.34,,11.56,-12.8,-4.6
BAJAJHLDNG,119295.52,12.62,,40.88,-48.3,49.3
CIPLA,117678.83,11.74,,11.26,-2.1,-54.6
GAIL,114735.13,8.69,,2.75,-2.4,-40.3
DRREDDY,111574.84,11.83,,1.54,-11.6,-86.2
ZYDUSLIFE,110643.12,18.32,,18.47,16.2,8.7
LGEINDIA,105650.93,24.72,,10.48,8.1,-8.2
AMBUJACEM,104076.57,8.3,,6.45,7.2,74.9
INDHOTEL,102309.19,16.43,,30.92,14.3,14.7
MAZDOCK,102285.06,28.77,,13.51,21.3,109.0
BHARATFORG,100819.34,11.6,,11.55,17.5,-17.9
ASHOKLEY,95344.41,21.64,,17.36,17.4,24.5
OFSS,94586.46,32.61,,50.4,20.3,30.6
LENSKART,91861.56,6.65,,9.97,45.6,-10.8
NYKAA,88391.93,14.34,,5.24,28.4,290.2
HINDPETRO,83431.92,30.93,,8.08,4.9,77.5
SRF,81212.28,13.76,,20.63,7.0,10.6
NHPC,79928.34,9.02,,19.67,19.2,70.6
DABUR,78896.53,16.24,,11.18,7.3,15.2
PAYTM,77077.36,3.56,,0.0,18.4,
NAM-INDIA,76485.36,34.48,,65.19,19.6,27.5
NMDC,74115.02,23.36,,21.97,61.9,37.7
BAJAJHFL,73158.96,12.06,,80.67,42.3,14.4
PHOENIXLTD,72189.73,11.06,,53.54,33.7,50.0
ICICIPRULI,71465.55,12.58,,12.45,-83.1,61.4
TORNTPOWER,70773.26,13.02,,11.37,-0.8,-70.0
PRESTIGE,70006.59,8.0,,19.83,166.5,901.7
OIL,68284.99,12.74,,27.78,5.2,60.4
PERSISTENT,67651.17,26.35,,16.25,25.1,32.1
ALKEM,66567.81,17.56,,11.42,14.6,-22.7
NAUKRI,64355.95,4.57,,34.9,15.9,22.1
GICRE,62974.19,10.69,,20.74,-1.3,1.4
HDBFS,62330.81,13.94,,41.7,20.6,35.8
NATIONALUM,61462.89,29.42,,42.76,-4.8,-16.7
BERGEPAINT,60089.95,17.23,,13.27,6.1,27.7
TIINDIA,59948.11,,,7.28,20.7,-14.2
GODREJPROP,59028.24,9.97,,14.07,63.0,70.1
COROMANDEL,58699.07,15.59,,5.38,20.4,-75.8
APARINDS,58646.35,19.74,,6.87,26.7,1.2
THERMAX,57681.75,13.69,,9.34,11.1,18.7
MOTILALOFS,57562.22,15.55,,-8.85,159.8,
FACT,56842.04,,,2.44,40.9,-95.4
SBICARD,56730.5,14.69,,26.12,18.6,13.9
COLPAL,56352.7,81.59,,29.75,9.1,-0.5
MFSL,55257.13,1.63,,4.6,-40.2,
MRF,54893.11,12.29,,10.73,13.4,37.1
TATACOMM,54486.65,31.13,,8.44,9.4,-74.7
SUNDARMFIN,50355.23,14.66,,60.7,10.0,0.2
KEI,50166.41,14.75,,10.16,18.7,25.5
APLAPOLLO,49564.8,25.31,,7.21,13.6,20.8
PAGEIND,48642.04,52.5,,18.56,14.1,9.0
HINDCOPPER,47442.2,30.6,,48.47,58.1,136.6
M&MFIN,43791.52,11.86,,44.45,40.3,82.6
FLUOROCHEM,43180.94,7.55,,13.81,11.7,-43.0
IPCALAB,43038.39,13.22,,15.77,6.2,341.6
ANTHEM,42864.38,21.71,,37.26,26.4,127.2
VOLTAS,42389.64,5.72,,5.69,2.5,-51.8
BALKRISIND,41936.3,,,16.36,6.9,-15.0
HUDCO,41793.67,20.2,,51.51,6.0,172.2
SUPREMEIND,40935.59,16.13,,14.88,16.5,47.5
KPRMILL,40814.99,16.2,,16.47,0.9,11.2
GODREJIND,40329.01,10.83,,19.41,51.6,142.6
NH,39799.44,19.84,,13.73,75.8,13.5
KALYANKJIL,39352.57,24.31,,6.06,66.9,117.0
PIIND,39063.58,12.35,,14.71,-12.4,-39.4
NAVINFLUOR,38900.4,20.11,,29.85,33.8,116.5
POONAWALLA,38717.69,5.85,,35.47,67.4,287.7
SONACOMS,38528.84,10.69,,17.63,45.4,17.1
CONCOR,36576.7,9.76,,12.12,-1.1,-12.0
KIRLOSENG,34034.9,16.82,,15.42,20.7,21.2
GODFRYPHLP,33685.82,26.59,,29.1,13.6,86.1
TATAINVEST,33628.16,1.44,,73.11,153.8,68.9
KIMS,33251.55,9.72,,11.5,34.8,-58.4
EXIDEIND,33179.75,6.17,,7.64,9.2,15.0
NUVAMA,32637.98,27.32,,33.1,6.2,4.3
ANANDRATHI,32625.45,46.74,,40.33,47.6,38.4
GRSE,31371.21,31.79,,16.15,29.1,24.2
CHOLAHLDNG,31197.35,18.04,,37.15,15.2,12.0
LICHSGFIN,30498.24,14.41,,81.48,4.4,8.6
IKS,30198.08,31.44,,35.14,18.5,38.6
NIACL,30176.53,3.42,,5.45,13.7,60.8
CRISIL,29849.48,,,26.39,30.1,45.9
MANAPPURAM,29744.08,6.97,,45.02,109.3,
SJVN,28542.1,4.51,,27.75,196.7,
ZFCVINDIA,28287.5,14.98,,12.7,32.7,46.1
CDSL,27847.16,23.91,,38.92,5.5,-19.9
JUBLFOOD,27717.69,16.89,,8.03,20.3,
ACMESOLAR,27601.87,10.41,,64.99,12.5,6.3
PNBHOUSING,27408.85,12.7,,77.55,21.6,19.0
APOLLOTYRE,27305.37,8.72,,9.16,14.2,242.6
MSUMI,27269.39,32.39,,6.51,33.1,1.5
LALPATHLAB,27102.16,21.48,,20.24,16.6,-15.4
AMBER,26278.01,5.58,,6.24,10.5,11.0
TIMKEN,26204.7,14.41,,19.47,16.0,-15.3
AEGISVOPAK,26093.2,10.79,,50.85,54.2,47.9
MRPL,25961.25,14.17,,8.35,-3.4,-68.2
DATAPATTNS,25380.33,16.73,,54.21,-13.0,21.2
GILLETTE,24926.06,66.44,,32.62,3.2,21.3
EMMVEE,24367.08,51.12,,28.29,62.3,62.5
NEULANDLAB,24102.23,,,36.36,136.4,664.4
KPIL,23151.63,14.51,,6.94,10.1,89.4
HBLENGINE,22793.74,44.07,,9.94,27.0,39.8
AADHARHFC,22643.13,15.75,,62.32,20.9,26.3
CESC,22498.91,12.55,,12.31,5.6,17.8
CARBORUNIV,22171.54,4.37,,5.7,14.9,
GABRIEL,22081.09,19.58,,7.31,12.7,3.3
IGL,21953.42,13.93,,6.92,5.4,-25.2
BELRISE,21090.14,12.52,,7.78,12.1,-9.4
IFCI,20635.75,,,117.94,,
HATSUN,20499.52,19.42,,3.47,16.6,2.6
PFIZER,20465.71,17.16,,35.15,6.3,-39.6
GESHIP,20287.21,18.85,,37.11,23.6,187.5
DEEPAKFERT,20276.58,10.77,,8.25,12.9,-49.7
SANSERA,19751.35,11.13,,13.76,27.8,103.8
SUNDRMFAST,19696.38,14.58,,12.15,10.6,29.7
CAMS,19662.78,38.69,,39.26,11.0,10.7
GMDCLTD,19418.67,14.19,,6.81,-9.2,-14.3
ATUL,19257.85,11.53,,12.06,15.0,66.1
KAJARIACER,19172.51,16.5,,16.1,12.4,265.9
ELGIEQUIP,19098.9,21.0,,13.41,12.1,25.4
CHAMBLFERT,18926.81,20.45,,5.92,13.7,30.2
ABDL,18727.99,13.55,,14.2,9.4,-48.1
TDPOWERSYS,18642.74,24.72,,15.43,69.2,36.5
BAYERCROP,18556.14,23.7,,15.02,5.1,13.1
THANGAMAYL,18479.82,27.93,,7.11,105.6,350.9
CROMPTON,17611.19,-6.34,,9.9,10.8,
FINCABLES,17503.91,12.33,,8.39,22.4,17.1
TATACHEM,17490.29,-7.68,,-0.96,-2.0,
TRAVELFOOD,17489.67,35.7,,31.84,25.7,17.2
RATNAMANI,17381.41,13.58,,10.96,-36.8,-48.5
SYNGENE,17341.88,6.62,,20.55,1.8,-19.5
COHANCE,17276.0,3.84,,7.66,-26.3,-89.0
CHOICEIN,17016.78,16.24,,30.11,21.8,15.3
KANSAINER,16984.62,8.8,,7.96,7.5,3.7
AARTIIND,16961.1,7.25,,9.84,13.2,43.4
CHENNPETRO,16886.55,32.13,,11.21,-2.5,202.5
MINDACORP,16698.86,14.74,,8.49,29.0,139.1
ASTRAMICRO,16639.11,15.99,,30.61,19.7,43.9
GPIL,16564.21,14.87,,24.26,9.7,23.1
CENTURYPLY,16519.67,10.71,,8.57,24.5,48.7
BRIGADE,16396.18,10.79,,19.52,-0.2,-42.4
BIKAJI,16250.23,15.96,,8.8,17.5,25.8
THELEELA,16026.64,8.01,,48.68,8.2,21.9
FINEORG,15970.78,16.82,,17.88,2.4,21.0
FSL,15860.9,15.9,,12.17,19.5,27.9
CCL,15772.59,18.0,,12.5,46.4,12.4
KIRLOSBROS,15758.7,16.48,,10.88,10.4,-18.7
PGEL,15724.22,6.69,,5.54,-10.1,-57.0
APOLLO,15564.45,11.21,,20.69,81.3,134.8
IGIL,15477.8,,,60.49,20.9,28.4
BASF,15430.03,10.96,,2.17,4.8,155.0
CLEANMAX,15331.52,1.96,,30.66,25.1,128.2
FIVESTAR,15271.12,16.06,,60.44,4.2,-3.7
VISL,15164.48,,,0.0,,
VOGL,15101.27,,,0.0,,
USHAMART,15000.85,16.23,,18.41,9.3,45.8
MAHSCOOTER,14475.42,1.06,,83.87,-3.6,-92.3
ANURAS,14464.43,5.76,,14.88,27.5,-7.6
RAINBOW,14428.89,17.94,,22.56,24.3,39.1
PARADEEP,14356.86,18.36,,6.73,34.6,-23.5
INGERRAND,14192.66,41.8,,21.66,-3.7,-4.2
SKFINDUS,14177.32,29.48,,9.34,,
VIJAYA,14095.82,19.7,,32.45,26.6,38.0
SCI,14027.54,,,21.47,14.2,118.9
ALIVUS,13948.11,18.36,,28.2,6.1,14.5
DEVYANI,13910.03,-2.59,,3.27,18.5,
ATLANTAELE,13818.32,31.55,,18.77,81.7,113.0
VINATIORGA,13736.3,14.9,,23.15,-6.9,0.7
ENGINERSIN,13353.0,23.79,,15.22,-8.3,-30.3
VGUARD,13346.54,13.79,,8.12,14.1,23.1
CANHLIFE,13301.74,8.11,,3.15,-55.3,
SHAILY,13196.96,26.88,,22.11,8.7,40.9
KIRLPNU,12998.49,21.47,,24.95,20.3,79.7
EIDPARRY,12826.16,9.91,,4.9,15.7,
IRCON,12757.16,9.08,,6.99,-6.5,-8.8
SEDEMAC,12627.49,27.53,,14.81,59.9,253.2
HOMEFIRST,12559.75,15.71,,66.92,30.6,24.0
ELECON,12340.87,15.85,,18.15,-6.5,-95.9
PRUDENT,12318.49,28.64,,22.25,22.0,14.3
JPPOWER,12301.96,3.6,,0.32,3.4,
ECLERX,12261.45,29.0,,21.13,23.3,26.0
UTIAMC,12141.15,9.78,,-9.02,-41.1,
JAINREC,12098.71,28.67,,3.4,76.4,13.0
ACE,11891.3,22.89,,15.82,7.1,-6.5
EDELWEISS,11873.29,11.47,,6.52,-6.8,-18.2
CANFINHOME,11748.9,19.66,,80.42,24.3,47.8
BLUEDART,11611.98,14.83,,13.49,8.0,189.1
BALRAMCHIN,11529.91,9.54,,14.97,6.7,-30.7
MGL,11477.98,13.63,,7.49,4.5,-47.4
JKTYRE,11430.68,14.05,,9.81,12.4,76.6
LLOYDSENT,11249.16,9.74,,5.31,47.1,96.2
RPOWER,11236.89,-2.08,,19.66,-4.6,
INDIAMART,11224.88,20.7,,31.07,13.9,-72.3
TI,11201.78,1.08,,12.22,134.0,
SHILPAMED,11162.83,9.82,,20.39,31.5,644.6
NUVOCO,11118.27,3.74,,10.88,8.7,-14.9
FINPIPE,10871.2,9.73,,23.28,12.1,59.0
TARIL,10774.45,19.33,,14.24,15.7,-4.1
BBTC,10739.29,28.71,,16.92,7.8,43.8
SIGNATURE,10635.86,84.88,,4.33,112.8,1789.7
UTLSOLAR,10411.64,36.42,,16.75,87.5,96.2
ZEEL,10403.39,2.33,,-15.6,-7.3,
WHIRLPOOL,10245.65,7.25,,3.14,8.8,-32.8
RKFORGE,10232.63,2.27,,9.84,28.5,24.4
RELAXO,10206.48,8.33,,11.31,8.0,20.5
BLS,10117.27,30.14,,21.95,17.6,31.4
INTELLECT,10108.34,11.41,,14.72,16.7,-11.3
HEG,10082.11,7.34,,-1.13,11.2,
SANDUMA,10061.4,22.32,,22.02,14.3,50.9
VOLTAMP,10050.35,18.07,,12.55,-1.8,-50.5
WEWORK,9990.28,29.99,,26.3,29.1,73.7
TRIVENI,9954.9,8.27,,15.97,-7.4,-11.1
VARROC,9735.61,13.46,,6.12,12.8,236.3
BANCOINDIA,9629.27,32.25,,15.06,25.6,-3.9
VESUVIUS,9484.36,,,13.26,3.7,-5.9
LEMONTREE,9370.72,14.9,,43.91,9.4,8.7
MANORAMA,9344.39,37.98,,23.01,68.1,31.5
ALKYLAMINE,9031.9,,,13.98,-4.6,-3.5
RELIGARE,9022.22,2.0,,5.54,22.1,-16.9
EMBDL,8800.3,-9.05,,-79.93,-73.0,
ESABINDIA,8798.65,52.29,,14.74,7.6,-8.2
BATAINDIA,8766.86,8.47,,5.53,5.0,-95.2
BLUESTONE,8658.71,0.97,,10.27,47.7,
ICIL,8652.99,5.47,,4.13,3.4,120.0
POWERMECH,8652.75,17.26,,9.74,13.9,21.6
TTKPRESTIG,8634.07,,,5.97,12.3,
BORORENEW,8588.14,10.15,,26.12,17.0,
PCJEWELLER,8525.85,9.95,,8.43,32.7,63.8
TTML,8441.38,,,43.43,-4.1,
JAYNECOIND,8319.51,17.75,,15.24,17.8,87.7
WELENT,8277.19,13.6,,18.88,17.4,53.1
INDIASHLTR,8276.21,17.04,,62.9,28.0,27.3
YATHARTH,8256.12,9.89,,14.61,44.2,12.9
SKFINDIA,8245.76,13.54,,2.9,-51.0,
ELANTAS,8232.1,,,16.93,7.8,-5.4
SHREEJISPG,8132.88,29.87,,27.37,20.5,-26.2
SUPRIYA,8123.13,19.06,,32.23,50.2,46.7
MAHSEAMLES,7987.69,10.61,,16.13,-12.8,-50.2
SHARDACROP,7984.06,24.16,,21.33,12.9,56.5
MAHLIFE,7951.28,10.8,,-7.39,7147.0,-19.5
SAFARI,7935.81,16.22,,9.28,12.4,-0.3
MIDHANI,7916.05,8.92,,17.97,34.6,38.7
WESTLIFE,7802.7,5.29,,4.54,7.9,50.0
GNFC,7796.67,9.14,,18.25,7.4,87.1
BIRLACORPN,7606.59,7.75,,13.25,0.8,14.9
NESCO,7587.83,14.67,,45.83,30.8,5.0
KIRLFER,7533.55,10.01,,4.54,29.9,44.0
GAEL,7453.4,9.66,,10.99,15.8,321.4
GPPL,7347.73,21.8,,60.8,24.0,25.0
PRECWIRE,7345.22,23.03,,4.46,66.7,81.9
PNGJL,7326.89,23.31,,3.34,123.2,45.5
SONATSOFTW,7312.91,25.72,,3.4,-3.1,21.8
JSLL,7306.4,59.92,,28.55,54.8,77.5
LOTUSDEV,7303.98,17.06,,39.3,61.8,-0.5
RCF,7266.84,8.67,,4.37,49.6,158.9
JKLAKSHMI,7230.79,11.1,,10.64,0.2,-27.0
SUVEN,7229.44,-78.8,,,3.6,
TCI,7091.89,19.18,,8.05,11.2,9.0
SHAKTIPUMP,7029.98,17.97,,8.67,28.6,-66.2
SUDARSCHEM,6979.99,1.03,,5.46,106.5,
GALAXYSURF,6972.53,10.47,,6.72,14.8,-18.0
KINGFA,6915.27,17.41,,14.75,23.2,26.2
INDIAGLYCO,6892.36,11.28,,12.83,13.1,31.9
ISGEC,6756.63,5.37,,4.31,17.4,4.1
HCC,6732.03,10.91,,16.69,-27.8,-46.0
PRAJIND,6652.2,1.77,,-0.45,-1.8,-70.9
KOVAI,6620.07,20.33,,19.8,15.9,15.8
GREENLAM,6516.47,4.86,,8.52,25.8,2550.0
GOKEX,6511.83,4.72,,6.62,5.3,-34.6
AEROFLEX,6464.36,14.06,,17.69,37.2,56.4
ACI,6398.23,5.55,,7.06,-12.9,-73.1
VMART,6336.4,14.08,,2.69,24.5,-35.8
GSFC,6282.4,5.51,,1.13,37.0,-27.7
SUNFLAG,6115.75,2.29,,9.56,13.3,-20.8
ASHAPURMIN,6113.67,29.05,,8.9,254.6,27.6
TVSSCS,6084.76,6.0,,2.75,21.3,
GOKULAGRO,6016.52,30.1,,2.91,13.5,145.0
SAPPHIRE,5925.5,-2.3,,2.96,11.4,
UNIMECH,5819.55,9.0,,34.33,19.6,-16.8
SWSOLAR,5782.91,-35.95,,7.46,-22.8,143.0
PICCADIL,5658.38,17.37,,18.26,40.9,2.3
AHLUCONT,5653.08,13.79,,7.17,8.8,-1.6
MASFIN,5622.33,13.22,,55.19,-4.6,25.1
SMARTWORKS,5613.12,3.27,,20.07,45.0,
NIRLON,5587.77,83.82,,69.12,8.2,31.9
SURYAROSNI,5568.69,11.21,,5.62,0.8,-24.6
BANSALWIRE,5542.08,11.92,,5.41,20.9,20.9
RBA,5486.64,-25.79,,-0.8,11.7,
BECTORFOOD,5481.62,11.56,,8.15,8.9,2.7
CENTUM,5478.93,28.0,,13.96,-7.7,-95.9
LATENTVIEW,5467.99,12.17,,19.77,19.4,-1.1
RESPONIND,5355.63,10.22,,6.68,13.0,-57.6
BALUFORGE,5354.02,19.56,,21.52,-2.3,12.4
KMEW,5351.06,19.96,,16.12,42.4,113.3
TIMEX,5241.83,77.26,,16.8,73.7,694.6
IFBIND,5220.44,15.63,,3.24,12.3,126.0
MBAPL,5198.47,31.5,,9.2,35.2,318.4
GULFOILLUB,5149.74,22.14,,11.14,12.2,-2.7
GREAVESCOT,5148.23,,,3.94,16.6,22.5
IONEXCHANG,5101.0,11.23,,0.03,3.4,-61.9
LGBBROSLTD,5096.8,15.69,,10.31,21.8,-17.0
SHARDAMOTR,5080.87,29.09,,9.83,29.6,6.6
NETWORK18,5050.47,3.17,,-0.21,9.7,
THOMASCOOK,5005.45,9.26,,2.1,-10.3,-40.3
ELECTCAST,4955.37,2.76,,1.17,-12.4,-90.5
LUMAXIND,4937.47,20.39,,6.61,29.9,23.0
EMIL,4917.86,6.79,,4.6,11.3,25.6
SWARAJENG,4906.97,43.23,,12.78,20.2,20.1
RENUKA,4895.53,,,6.0,-6.1,
PILANIINVS,4874.34,0.19,,103.89,-23.1,
MASTEK,4860.92,14.81,,14.1,3.6,30.8
MHRIL,4776.92,8.52,,10.8,5.3,-43.1
DATAMATICS,4764.86,13.48,,16.94,4.4,-1.5
AURIONPRO,4729.31,13.25,,16.35,5.7,20.5
JUSTDIAL,4666.22,10.23,,25.35,6.2,-36.5
ANUP,4622.66,16.95,,14.77,-6.4,-11.3
KSCL,4536.0,18.16,,-30.48,18.7,
GUJALKALI,4476.72,,,29.21,395.7,519.1
VSTIND,4413.22,21.11,,31.74,30.9,119.5
MANINDS,4375.31,9.23,,10.11,-5.0,-20.6
VADILALIND,4374.15,20.06,,17.14,57.0,149.3
BANARISUG,4348.39,8.01,,5.42,-42.8,18.2
RALLIS,4322.27,9.32,,-6.19,6.0,
GUJTHEM,4320.11,17.41,,34.64,17.2,-9.1
VIPIND,4313.4,-74.64,,-25.89,-11.7,
LXCHEM,4308.98,4.08,,4.68,3.6,-2.5
UNIVCABLES,4294.94,8.91,,6.89,24.7,11.3
PREMEXPLN,4246.8,17.04,,-3.6,20.4,74.3
POCL,4191.33,19.09,,5.66,78.6,119.3
BAJAJHIND,4180.35,3.14,,19.17,7.4,23.0
KIRLOSIND,4149.75,4.33,,10.56,2.9,-6.2
STYRENIX,4038.53,14.43,,10.36,-12.1,30.9
FOSECOIND,4028.2,,,14.44,1.2,-1.1
VSTTILLERS,4011.76,9.99,,12.35,9.0,-79.2
ASHIANA,3981.29,14.52,,5.26,46.8,6.8
GUFICBIO,3954.64,10.14,,15.71,22.8,183.1
WHEELS,3942.27,,,4.89,2.5,-9.8
HEMIPROP,3939.57,-2.7,,,7.0,
RAYMOND,3934.85,1.47,,8.03,,-99.1
SINDHUTRAD,3925.75,2.61,,1.65,-61.1,
RPGLIFE,3890.97,20.28,,15.31,23.6,-74.5
SSWL,3885.05,11.36,,7.67,19.5,-0.0
MARINE,3859.9,12.89,,9.97,10.7,37.9
KERNEX,3854.08,43.61,,40.45,206.5,109.8
GREENPLY,3843.24,10.54,,9.85,19.6,86.1
SANGHVIMOV,3827.09,15.03,,28.04,31.4,27.8
HARSHA,3821.12,11.69,,12.8,27.1,
GRAUWEIL,3790.97,16.23,,14.96,4.2,91.1
BHAGCHEM,3743.55,2.63,,7.07,28.9,
VENUSPIPES,3743.4,16.99,,14.27,16.2,6.6
KNRCON,3727.48,9.19,,22.31,-32.6,-23.6
JKIL,3708.74,12.14,,9.96,-2.9,-3.4
ASHOKA,3708.63,47.99,,11.39,-27.5,-66.9
BOSCH-HCIL,3701.49,-0.5,,5.77,3.5,-27.2
MAYURUNIQ,3699.99,18.37,,28.68,9.1,43.4
BAJAJELEC,3690.26,,,-2.1,-18.5,
ELLEN,3675.6,14.2,,24.1,6.0,16.5
NFL,3667.56,7.61,,5.09,-2.5,12.4
INDRAMEDCO,3544.08,27.47,,13.48,9.3,1.8
TFCILTD,3543.63,9.75,,82.24,20.4,5.9
ARSSBL,3531.36,13.96,,25.22,28.2,88.2
DBCORP,3481.49,14.27,,13.68,4.7,19.1
WSTCSTPAPR,3468.89,3.77,,7.38,18.8,17.9
SHANTIGEAR,3459.07,18.19,,14.2,-11.8,-27.6
HEIDELBERG,3457.49,9.68,,9.38,5.5,-10.3
MOREPENLAB,3434.57,7.86,,3.86,4.0,-18.9
AARTIDRUGS,3427.64,13.36,,10.9,6.4,-12.0
UNICHEMLAB,3341.1,9.78,,2.97,-2.1,-79.3
PANACEABIO,3326.22,,,1.99,1.0,-12.2
PATELENG,3289.18,6.55,,13.33,-11.8,-2.3
NAVNETEDUL,3283.47,18.58,,6.98,-0.9,-19.2
INTERARCH,3231.77,16.48,,9.68,8.7,-5.2
KOLTEPATIL,3228.84,-3.73,,-3.86,-65.4,
SAMBHV,3227.83,18.36,,11.71,38.4,162.3
BBL,3193.13,6.05,,6.42,23.9,-21.9
WONDERLA,3156.55,4.64,,9.05,40.4,48.8
KKCL,3103.75,14.43,,9.18,,
BALMLAWRIE,3082.17,13.28,,11.5,22.3,12.8
DREDGECORP,3050.04,0.39,,22.9,3.4,543.8
JINDWORLD,3027.86,8.46,,5.94,5.7,18.2
SPECTRUM,3016.74,20.42,,13.89,67.9,95.9
INDOTHAI,3013.65,28.29,,84.3,1879.7,
POLYPLEX,3012.58,0.62,,-0.33,7.5,145.6
JUBLCPL,3006.56,32.56,,5.71,21.8,23.3
RAMCOSYS,2989.05,12.49,,11.88,19.4,361.6
GATEWAY,2969.38,10.38,,14.83,-0.2,
PARAGMILK,2935.38,11.84,,6.42,3.0,19.9
ELPROINTL,2923.18,,,,,
SIYSIL,2889.39,16.83,,13.88,15.9,35.7
ZAGGLE,2831.08,10.45,,32.03,49.9,21.9
MARATHON,2814.81,11.68,,21.6,-23.6,-36.2
NSIL,2810.25,0.35,,36.2,122.7,
ANTELOPUS,2799.1,14.7,,47.98,65.3,158.9
DDEVPLSTIK,2795.94,21.84,,9.09,3.6,5.4
TATVA,2780.61,5.53,,13.7,24.4,907.5
DCAL,2758.91,1.56,,8.71,18.9,-49.5
ORIENTCEM,2751.72,17.08,,9.77,-21.6,31.7
ARVSMART,2738.95,12.14,,37.1,-4.7,130.7
SOLARA,2731.93,-0.63,,8.16,41.9,
BOMDYEING,2721.51,1.17,,-2.6,10.3,82.7
MONARCH,2717.9,20.5,,65.0,58.2,84.1
DALMIASUG,2716.32,7.29,,13.45,-2.7,-49.8
IMAGICAA,2687.84,0.05,,6.72,-2.7,-96.2
FISCHER,2681.55,8.62,,0.08,98.7,
SANGAMIND,2672.6,7.93,,8.74,20.4,246.0
REPCOHOME,2658.23,,,66.57,13.3,2.0
MUFIN,2655.37,6.7,,57.07,5.6,200.0
RSYSTEMS,2653.04,,,13.76,29.9,69.6
EVEREADY,2648.72,31.65,,5.84,9.4,1265.3
VSSL,2632.75,11.76,,10.65,7.0,45.8
EASEMYTRIP,2622.17,-6.11,,-9.02,8.9,
JISLJALEQS,2581.96,-0.68,,10.8,4.3,
CONFIPET,2554.6,6.46,,4.13,31.5,39.3
PARKHOTELS,2545.98,4.93,,18.37,3.6,-54.9
CAMLINFINE,2531.58,-3.36,,0.09,-2.9,
PANAMAPET,2522.89,15.6,,10.67,18.3,60.5
FMGOETZE,2516.24,12.44,,12.43,2.0,-17.3
MANGLMCEM,2509.82,14.1,,6.92,-2.5,285.7
PRAKASH,2498.01,9.65,,10.97,8.9,2.8
VINDHYATEL,2478.25,5.31,,6.42,-18.0,-5.9
GIPCL,2467.62,,,24.52,26.6,358.2
SPANDANA,2462.85,-29.36,,4.74,256.0,
ORIENTHOT,2453.6,9.41,,21.79,4.6,66.1
BEPL,2443.29,17.28,,18.18,-1.0,30.5
VEEDOL,2438.42,19.66,,8.73,13.9,-3.7
TEAMLEASE,2431.46,14.26,,1.05,2.3,25.6
MSPL,2415.12,3.36,,7.78,7.4,
BRIGHOTEL,2412.38,11.93,,25.16,1.7,50.0
ORISSAMINE,2397.12,,,48.98,-0.1,
MOLDTKPAC,2370.88,10.98,,13.59,17.4,26.8
GREENPANEL,2318.64,-2.12,,1.34,6.5,-95.4
EXICOM,2316.23,-43.34,,-8.95,46.1,
HPL,2308.07,9.51,,11.96,5.5,-16.9
FILATEX,2304.22,,,7.03,-1.8,17.0
KICL,2300.95,0.37,,87.11,1.7,-24.8
VERANDA,2288.29,21.21,,24.29,16.0,99.9
RAJRATAN,2278.35,11.59,,6.71,25.0,1.8
JAYKAY,2265.04,,,11.73,12.6,-76.7
VINCOFE,2263.12,16.56,,16.89,57.2,16.1
PARACABLES,2262.52,,,4.54,13.1,8.1
RISHABH,2258.99,12.07,,11.49,9.3,205.5
PENIND,2258.19,12.84,,8.72,2.1,15.2
BHARATRAS,2237.2,12.12,,14.06,0.5,51.8
MMFL,2231.09,10.49,,12.35,15.9,34.1
AWFIS,2218.46,14.01,,12.4,20.7,106.8
INDNIPPON,2205.81,14.51,,14.82,,
GMBREW,2205.07,15.55,,-11.85,,-10.6
HONDAPOWER,2197.5,7.71,,8.97,-1.5,-25.5
KCP,2186.76,13.09,,14.1,7.7,126.0
INDOCO,2181.57,-10.12,,3.62,21.9,
ADOR,2172.57,,,10.53,5.2,73.0
SHRINGARMS,2163.65,26.29,,6.01,106.5,67.3
TIRUMALCHM,2161.75,-12.35,,-3.56,-18.9,
TAJGVK,2151.29,39.56,,26.53,22.2,831.7
NELCO,2147.55,2.59,,0.77,17.3,
HINDWAREAP,2137.58,-5.13,,4.92,-3.5,
STALLION,2115.89,8.93,,14.32,-27.4,-24.4
HINDOILEXP,2093.68,4.64,,-1.69,,-84.7
SCILAL,2044.39,0.96,,,19.1,
CANTABIL,2023.62,21.98,,19.47,15.7,30.2
PFS,2013.56,,,84.14,-55.5,-62.4
HATHWAY,2009.07,1.86,,0.41,6.4,-69.6
NUCLEUS,1981.51,13.56,,13.36,-1.8,-46.7
EIHAHOTELS,1980.12,15.31,,35.58,-9.1,-18.5
GOCOLORS,1978.66,8.53,,7.56,-4.2,-59.8
VIKRAN,1929.17,10.76,,14.08,82.2,5.3
HGS,1927.34,-1.76,,-9.93,-6.6,
MUKANDLTD,1917.02,48.88,,-2.8,14.7,5104.6
INSECTICID,1909.55,12.1,,3.79,18.6,-15.7
SURYODAY,1897.38,7.59,,17.96,73.0,
MTNL,1882.44,,,116.53,87.9,
JAYBARMARU,1856.27,22.19,,8.63,25.4,286.9
DLINKINDIA,1837.38,21.21,,7.49,20.0,0.5
MBEL,1823.89,19.23,,9.3,16.0,-16.5
STUDDS,1806.91,17.0,,15.48,11.9,6.1
GANDHAR,1804.8,10.21,,5.11,13.7,268.0
ARMANFIN,1791.08,6.26,,39.87,36.8,221.6
SHK,1788.12,5.25,,3.29,13.8,-98.2
KRSNAA,1785.91,10.89,,16.77,3.5,102.1
KRISHNADEF,1780.51,25.43,,-0.45,42.2,62.9
QUADFUTURE,1769.0,-15.45,,-19.03,-3.3,-26.1
ASALCBR,1749.1,14.56,,14.14,-1.6,4.9
INDSWFTLAB,1745.58,3.24,,7.33,-66.6,-94.8
TINNARUBR,1725.64,22.08,,15.98,21.6,36.4
INDIANHUME,1724.01,9.86,,9.42,-10.4,-95.4
NAVKARCORP,1681.3,1.55,,13.36,94.5,
SKMEGGPROD,1672.98,29.68,,25.75,58.9,415.1
GARUDA,1660.33,31.13,,32.1,82.7,90.8
DSSL,1659.64,31.04,,7.46,22.4,4.4
BLUSPRING,1646.99,-3.04,,1.65,7.9,
WALCHANNAG,1643.77,-4.01,,1.48,75.3,
ACCELYA,1643.38,,,14.57,-0.5,-29.3
MOBIKWIK,1637.38,-11.02,,13.17,7.8,
MOTISONS,1609.57,13.96,,5.78,15.8,-21.6
TIL,1596.52,-31.82,,7.85,7.2,
JINDRILL,1594.4,12.36,,20.36,7.3,-36.6
ASTEC,1590.17,-25.84,,-1.65,32.7,
STEELXIND,1585.47,3.66,,14.91,-1.4,150.0
AEROENTER,1581.95,9.56,,16.25,16.0,29.3
KALAMANDIR,1559.7,11.78,,11.3,5.1,141.3
DIFFNKG,1546.31,13.01,,13.3,38.2,22.9
ONEPOINT,1537.71,8.81,,14.3,43.5,18.4
SHRIRAMPPS,1517.29,7.16,,13.73,57.2,64.4
IGARASHI,1507.97,2.61,,1.98,19.3,-47.4
BOROSCI,1499.47,8.17,,19.1,10.6,212.2
DOLPHIN,1488.97,21.9,,16.19,121.9,171.3
BHARATWIRE,1478.89,9.37,,16.63,-17.7,-42.4
GODAVARIB,1445.98,0.45,,12.81,-2.7,-26.5
PRECAM,1437.33,6.38,,13.29,-8.9,-29.0
SESHAPAPER,1435.43,4.09,,1.57,17.8,-4.1
GALAPREC,1425.8,12.92,,20.61,25.6,10.8
CLSEL,1422.15,14.61,,11.85,16.5,56.2
SDBL,1418.72,1.29,,-44.39,-79.3,
DEN,1403.12,4.42,,-2.17,-3.0,-37.7
ELECTHERM,1402.35,,,1.18,-1.8,-92.7
WEL,1400.12,8.76,,4.68,-19.2,-38.2
DCW,1397.56,4.57,,6.26,13.2,56.4
SURAKSHA,1394.72,13.84,,16.47,31.2,-5.4
SPIC,1388.83,16.47,,6.03,-22.6,51.6
IGPL,1383.77,0.17,,8.82,9.2,47.9
VIDHIING,1379.98,15.57,,15.08,12.0,11.4
IMPAL,1379.04,,,7.48,,
JYOTISTRUC,1370.32,10.81,,6.0,42.3,15.3
SYNCOMF,1352.66,20.19,,14.42,-9.0,68.8
GENESYS,1346.69,5.2,,16.31,10.7,-35.9
RUPA,1345.73,6.96,,11.6,6.3,18.3
MACPOWER,1344.46,21.3,,14.22,24.8,17.3
AWHCL,1343.4,10.58,,12.37,17.8,-18.7
PUNJABCHEM,1322.97,16.23,,9.02,3.1,55.8
SHREEPUSHK,1317.11,12.2,,7.47,-0.6,-24.6
EKC,1311.48,11.26,,7.0,-15.1,244.2
TBZ,1276.36,27.06,,12.57,56.7,614.1
RATNAVEER,1272.61,12.36,,8.62,22.6,38.0
PLATIND,1264.11,12.03,,10.38,36.8,137.1
RGL,1259.54,6.09,,7.52,50.4,27.0
MAHASTEEL,1256.08,,,1.63,12.2,75.8
ICEMAKE,1255.51,9.46,,6.6,41.9,-13.6
PNGSREVA,1255.42,21.01,,21.97,138.9,1174.0
ASIANHOTNR,1236.15,-17.29,,18.01,21.4,-90.3
HARIOMPIPE,1231.1,12.39,,9.19,26.9,74.6
ALLCARGO,1226.68,0.37,,1.56,-87.0,
BLKASHYAP,1223.92,0.29,,7.03,23.6,
GREENPOWER,1222.3,6.46,,-37.13,0.3,
INDOBORAX,1208.19,13.93,,19.34,20.4,42.0
JPOLYINVST,1190.48,54.8,,99.72,504.1,-47.2
INDORAMA,1182.84,33.86,,8.8,0.3,25.5
MONTECARLO,1163.69,12.88,,3.06,36.1,
CENTENKA,1158.96,6.92,,8.44,8.9,483.5
BUTTERFLY,1149.3,13.08,,5.96,16.7,26.7
EXCELINDUS,1147.52,4.6,,4.39,13.5,-1.0
HIMATSEIDE,1143.12,2.97,,-0.68,-6.0,-88.4
SHREDIGCEM,1141.85,6.84,,7.38,-3.7,-56.5
MANALIPETC,1124.53,10.94,,5.27,27.1,170.3
MWL,1122.24,17.68,,10.03,-17.8,81.6
JARO,1120.09,19.89,,25.62,-1.8,3.9
ARIHANTSUP,1113.69,11.13,,16.31,18.5,-46.6
SALZERELEC,1112.42,9.31,,5.17,26.2,
MADRASFERT,1109.34,269.55,,4.61,26.0,
HMAAGRO,1106.2,18.64,,-0.9,5.3,
AVTNPL,1078.93,12.16,,14.37,43.5,54.3
RSL,1076.77,19.34,,8.28,2.8,56.7
ANDHRSUGAR,1074.66,4.97,,4.06,27.4,-18.6
EIMCOELECO,1068.59,8.61,,19.0,5.8,-57.2
OAL,1055.54,0.5,,4.15,11.5,180.9
WEALTH,1049.04,25.64,,73.83,,
AMNPLST,1048.74,13.26,,14.21,-6.4,19.9
GKSL,1033.95,11.93,,15.67,212.6,224.0
THEMISMED,1028.04,0.29,,1.52,6.7,
AFSL,1023.35,8.36,,0.18,718.9,
MAFATIND,1016.86,,,,,
TNPL,1011.17,11.25,,4.91,-4.5,984.8
BIL,1008.26,2.87,,5.59,29.7,
WCIL,1007.62,4.58,,2.67,15.7,-38.6
AMBIKCO,995.63,7.7,,13.97,57.8,54.7
UNIECOM,981.3,15.55,,11.59,16.6,-1.7
GCSL,973.27,9.79,,23.83,-29.2,
MICEL,970.31,-5.75,,24.48,13.3,
SURAJEST,968.03,9.53,,49.22,-27.6,-34.2
ESTER,938.97,-3.53,,7.16,7.7,285.7
FINKURVE,916.96,9.41,,24.68,-12.1,86.7
NDTV,912.3,-341.22,,-63.51,16.5,
TEMBO,909.7,27.72,,13.15,26.3,90.8
SGIL,909.5,4.26,,2.18,22.1,-89.7
DHAMPURSUG,903.12,5.56,,13.58,-20.9,-5.3
STANLEY,893.39,2.74,,0.69,-10.1,
ROHLTD,892.97,12.75,,17.59,30.5,-39.2
DHARMAJ,892.92,12.96,,2.49,11.4,
UTTAMSUGAR,890.37,11.75,,18.32,-17.1,-16.8
TNPETRO,871.55,10.1,,3.36,-72.6,-69.9
ORICONENT,866.26,1.51,,-175.46,-69.7,
RMDRIP,852.17,35.85,,19.38,26.7,-2.4
ARIHANT,849.72,17.29,,7.36,120.0,-65.8
EVERESTIND,838.77,-18.64,,-11.44,-27.7,
KRYSTAL,838.32,13.74,,5.73,-11.7,11.3
SRHHYPOLTD,833.52,9.41,,7.03,1.7,-17.4
GICHSGFIN,819.72,7.61,,58.45,4.3,52.4
BAJAJINDEF,817.76,8.97,,10.15,28.4,-32.8
DWARKESH,807.91,3.77,,20.35,-7.3,24.0
SUDARCOLOR,807.86,8.15,,-0.21,-4.2,23.2
ELDEHSG,806.21,6.2,,10.58,63.7,50.0
PDMJEPAPER,803.66,14.95,,14.49,5.5,4.5
VLSFINANCE,803.14,0.95,,106.59,,
PROSTARM,800.99,16.9,,9.48,27.4,-12.3
AGARIND,792.31,6.62,,4.73,-50.8,-48.4
SARLAPOLY,789.54,-2.65,,0.52,2.2,
STCINDIA,763.2,,,59.24,,922.2
TVTODAY,760.72,2.27,,-1.56,-14.3,46.6
CCCL,748.77,26.56,,-8.66,129.5,
EMKAY,746.66,4.45,,6.49,94.7,-37.5
SANDESH,745.32,,,35.66,2.6,-3.0
ADVENTHTL,745.17,6.51,,31.0,6.8,-88.0
UNIENTER,739.2,0.8,,-3.8,-64.1,
HERANBA,734.33,-9.58,,-15.26,-4.6,
CONSOFINVT,727.47,4.95,,99.18,-35.2,-39.9
MVGJL,720.89,14.82,,4.76,7.0,5.1
KOTHARIPET,717.22,21.37,,14.23,-0.0,3.2
20MICRONS,703.44,14.48,,10.19,14.8,15.8
INDOFARM,702.18,4.54,,11.53,3.1,-44.6
BIGBLOC,698.39,-5.74,,2.56,34.6,-9.6
ATL,694.33,14.03,,11.2,11.9,
CEWATER,694.05,4.12,,6.52,-0.5,-69.1
ONMOBILE,688.32,-1.84,,-40.07,-18.3,
INNOVANA,685.09,14.92,,1.34,22.6,-84.3
XCHANGING,676.78,15.75,,37.17,1.1,10.6
MODIS,657.48,22.25,,14.5,158.2,192.2
PVSL,657.37,-1.97,,0.88,27.8,
TREL,656.99,3.12,,38.28,5.1,-69.6
SOUTHWEST,651.46,17.65,,22.09,3.6,20.2
HMVL,640.83,9.04,,28.37,7.1,-39.4
COMSYN,630.86,16.07,,9.1,2.8,-25.2
JAYAGROGN,629.85,8.02,,4.28,2.0,54.0
SNOWMAN,620.19,0.82,,4.57,3.9,50.4
SUTLEJTEX,613.1,-10.09,,-1.42,2.1,
KRONOX,598.9,26.82,,33.91,-0.0,26.7
SETL,590.26,11.0,,11.98,36.3,30.3
FOCUS,582.0,3.54,,5.61,44.3,134.8
TRANSPEK,568.25,,,4.1,-14.4,-65.7
SCPL,566.0,13.27,,9.98,60.2,72.5
MUFTI,562.13,11.18,,14.01,5.9,9.5
PTL,560.62,5.45,,88.61,0.0,47.5
NBIFIN,550.67,0.42,,27.27,-90.0,-96.8
ZEEMEDIA,545.37,0.85,,-21.66,1.3,
PANSARI,537.71,13.79,,-6.57,-27.3,53.1
KAMATHOTEL,534.65,12.62,,22.06,24.8,-4.3
DHUNINV,533.81,1.35,,-99.85,122.1,
SAYAJIHOTL,529.48,-4.01,,10.6,-5.1,
SCHAND,524.25,7.17,,42.56,16.2,19.7
MUNJALSHOW,520.25,3.23,,-0.81,14.6,
DAVANGERE,510.51,1.99,,6.29,47.3,537.3
WSI,509.18,0.75,,15.27,-47.5,
NAHARINDUS,507.19,5.05,,12.27,-13.0,53.4
THEINVEST,506.96,4.67,,0.28,-19.9,7.3
ENIL,503.02,-0.96,,-7.63,-11.5,-32.2
ADVANIHOTR,495.01,8.0,,41.85,6.0,2.4
ESSARSHPNG,489.78,,,,,
THOMASCOTT,486.25,15.87,,13.33,63.4,-36.7
SRGHFL,476.61,11.59,,34.64,23.8,33.0
GUJAPOLLO,469.58,1.03,,-27.27,-67.9,
VINYLINDIA,466.31,12.84,,3.72,4.0,-36.2
PLASTIBLEN,465.36,8.37,,7.27,5.8,44.8
UGARSUGAR,459.34,6.05,,15.56,-23.8,-10.4
LIBERTSHOE,453.01,4.9,,4.83,13.0,-3.7
BBTCL,445.79,16.37,,10.2,14.2,
ARIES,441.89,13.42,,-4.63,41.1,
AEPL,437.56,9.64,,9.63,8.7,-19.4
RAMANEWS,436.74,,,-8.58,-30.5,
SHALPAINTS,436.64,-22.94,,-1.96,-12.3,
IGCL,428.79,10.9,,12.23,19.5,14.4
SBGLP,424.18,41.98,,32.15,174.7,101.2
GINNIFILA,423.97,18.84,,12.36,-12.9,50.0
KOTHARIPRO,417.87,2.91,,-5.44,42.1,
RADIANTCMS,417.76,10.19,,5.63,-3.4,-35.4
NAHARCAP,416.76,3.98,,5.09,-0.6,-14.3
GOKUL,411.82,5.22,,0.07,22.8,-12.1
MARKOLINES,402.42,13.83,,16.22,-13.5,-4.6
HCL-INSYS,396.7,,,,13.5,
DJML,392.88,13.53,,16.53,90.6,102.7
BATLIBOI,392.13,2.87,,4.08,-34.5,-24.0
RUBFILA,389.97,8.8,,5.11,8.9,-19.1
LORDSCHLO,389.35,13.43,,9.69,22.4,52.5
HARRMALAYA,381.77,17.51,,4.56,7.6,76.5
MANAKSIA,379.31,7.89,,6.86,-11.9,2.3
VRAJ,378.08,7.74,,10.54,11.2,45.7
OMFREIGHT,376.36,8.42,,2.97,21.2,-45.5
DREAMFOLKS,368.95,3.75,,-43.56,-83.2,
VARDHACRLC,363.24,11.06,,11.2,15.8,711.0
ORIENTPPR,359.87,-1.92,,-5.25,5.6,
BELLACASA,359.52,12.71,,5.93,27.1,6.7
BEDMUTHA,349.93,4.38,,6.78,54.6,612.9
TREJHARA,344.97,3.25,,0.9,-56.8,25.7
COASTCORP,336.96,9.76,,3.72,106.7,
MAHEPC,336.08,7.1,,5.89,11.6,-23.7
MUTHOOTCAP,332.42,1.68,,13.51,-0.5,-16.3
MANOMAY,331.47,12.31,,7.14,13.9,50.5
DCMSRIND,331.35,11.9,,17.0,-42.4,-32.7
APOLSINHOT,329.96,6.93,,2.46,30.1,25.5
MODIRUBBER,328.36,0.09,,-84.45,70.9,
VARDMNPOLY,326.52,,,-0.03,-20.1,0.0
NATHBIOGEN,314.14,6.29,,6.69,-1.0,
APCL,311.49,-7.96,,4.16,-10.7,
SAHYADRI,311.48,7.39,,6.38,28.5,146.6
SOMATEX,303.66,6.03,,7.18,1214.0,1760.1
ASAHISONG,295.74,6.13,,10.33,-5.7,42.4
ASHIMASYN,285.96,-1.62,,-8.31,736.6,
AVONMORE,285.85,4.38,,-20.41,71.9,
REMSONSIND,280.79,14.03,,3.98,22.8,14.5
BPL,280.04,-2.25,,-0.63,4.7,
UFO,277.01,8.0,,5.8,43.5,
PONNIERODE,272.18,8.73,,16.67,-5.2,488.6
LYKALABS,270.53,,,-0.68,,
SURANAT&P,265.27,11.9,,-25.0,400.7,-17.8
NDGL,259.17,,,0.0,,
IVC,255.94,2.19,,37.05,220.4,-82.1
SRD,255.04,11.61,,4.83,30.5,92.8
AHLEAST,250.25,,,34.38,13.4,
DIAMINESQ,248.34,-8.02,,-43.85,-48.2,
GENCON,246.47,2.94,,3.64,4.1,-68.2
LOTUSEYE,246.33,0.13,,-4.59,18.2,
JAYSREETEA,246.27,-6.15,,-18.0,9.4,
SAHLIBHFI,240.78,11.94,,75.78,32.1,192.4
KMSUGAR,240.3,14.63,,12.83,-30.8,-16.4
PIGL,238.15,10.78,,10.48,6.3,56.6
BALAJEE,235.9,3.6,,9.98,-2.1,-33.5
PKTEA,233.88,-2.02,,-63.93,31.1,
MANAKALUCO,233.17,5.44,,7.06,13.6,64.7
ALMONDZ,228.24,10.74,,1.61,6.7,-22.2
RVTH,226.29,10.37,,27.45,1.7,52.6
GLOBALVECT,225.58,-490.74,,-30.35,-5.5,
ELGIRUBCO,225.17,-188.58,,-54.51,-11.2,
ZODIACLOTH,223.1,-18.08,,-14.59,-6.9,
STARPAPER,219.18,4.71,,2.04,-1.3,
BASML,218.03,3.38,,6.09,-2.1,-42.9
VSTL,216.93,4.57,,2.85,16.2,-41.9
GICL,212.04,12.41,,4.44,13.6,-33.3
TEAMGTY,211.33,1.49,,-37.29,59.3,
CCHHL,207.93,-5.74,,16.25,51.3,
BHARATGEAR,206.69,13.52,,3.85,20.3,195.5
KOTARISUG,205.65,,,-15.68,16.4,
SPCENET,203.25,9.78,,10.09,16.9,0.0
SAKHTISUG,202.09,,,19.98,-6.2,16.9
DELPHIFX,201.36,1.64,,2.21,-7.7,
ASPINWALL,199.56,6.69,,5.88,46.1,166.1
JMA,199.06,,,5.86,19.5,31.1
GILLANDERS,196.24,3.76,,-1.05,-0.5,
MURUDCERA,194.65,2.87,,7.75,-5.7,-41.5
RANASUG,189.96,4.05,,2.47,-7.8,-13.2
TAINWALCHM,189.48,6.62,,-118.05,-74.9,29.6
SHREYANIND,186.66,1.52,,-3.27,-6.4,
QMSMEDI,182.85,10.78,,10.46,-0.4,-73.8
SUPREME,182.37,0.06,,-36.18,1260.0,
NECCLTD,182.04,3.48,,1.18,9.2,-55.6
ARVEE,179.14,7.77,,7.31,67.5,684.4
VASWANI,178.56,2.95,,11.47,24.7,158.0
RPPL,166.86,10.09,,10.6,1.7,73.0
INDTERRAIN,164.92,-2.68,,7.1,19.0,
IVP,164.23,12.6,,7.43,10.1,131.3
MODTHREAD,163.1,,,0.0,,
ARCHIDPLY,161.74,7.39,,4.69,10.7,
METROGLOBL,160.15,5.47,,17.43,-16.8,
ISHANCH,156.26,-5.78,,11.05,89.8,
LAL,155.81,8.74,,5.76,85.0,
BRNL,153.46,-12.43,,-126.02,3.5,
CENTEXT,153.44,13.23,,4.65,18.7,13.0
SADBHAV,152.7,,,11.94,-6.5,
DTIL,151.41,-0.48,,-143.65,-35.7,
INCREDIBLE,149.69,7.62,,3.12,-4.5,-19.7
WIPL,149.3,1.0,,-3.05,-2.7,
RELIABLE,148.06,8.73,,4.15,3.8,-45.8
KEYFINSERV,145.44,4.71,,,,
ALPA,144.95,8.39,,10.76,-21.4,
HPIL,143.38,5.18,,-2.66,-20.2,391.8
PRAENG,140.36,-3.91,,-105.17,-54.4,
SAMPANN,138.23,21.29,,4.65,40.5,-81.3
BSL,136.43,1.99,,4.01,-4.9,
INDIANCARD,134.76,1.09,,-45.78,9.9,
TEXMOPIPES,134.59,,,4.92,-1.2,-69.2
SALONA,134.43,1.88,,4.87,-25.1,
SECMARK,132.67,11.69,,39.95,14.4,12.4
MAGNUM,132.03,-1.64,,9.95,7.8,-3.7
CORALFINAC,131.71,6.91,,75.84,-0.7,15.5
MAHAPEXLTD,130.46,-1.49,,-44.44,143.8,
KREBSBIO,129.45,,,-35.73,11.6,
WEIZMANIND,126.96,9.32,,3.17,-10.7,
SOMICONVEY,126.76,6.36,,8.69,-28.8,-34.2
SAMBHAAV,122.69,0.1,,5.3,14.9,
GTL,122.06,,,48.57,-16.7,5408.7
SHYAMCENT,122.0,,,,-99.3,
DBSTOCKBRO,120.82,,,18.46,-28.7,-16.7
OBCL,117.54,-8.91,,-4.04,7.7,
CUBEXTUB,117.37,9.37,,-3.55,6.1,-40.4
VISHWARAJ,117.19,-10.56,,1.54,-33.4,537.4
LAMBODHARA,116.37,8.96,,4.86,5.0,1338.1
LOVABLE,115.57,4.45,,-30.76,-21.9,-19.1
SURYALAXMI,115.35,1.15,,2.95,-2.4,-70.7
PAR,110.9,12.43,,2.62,-12.2,-48.5
BTML,109.56,13.24,,8.97,-13.0,-4.1
REGENCERAM,108.41,,,-113.33,60.5,
NORBTEAEXP,107.11,-1.68,,-32.76,31.8,
GROBTEA,106.12,6.37,,-184.58,-39.6,
COMPUSOFT,105.39,2.04,,-51.48,-17.4,27.3
RAJSREESUG,102.89,0.43,,23.09,8.2,166.8
SIL,102.73,-16.63,,-47.96,10.0,
RELCHEMQ,100.71,3.76,,5.98,7.3,-5.3
OSWALSEEDS,100.25,15.25,,6.88,117.0,283.3
GLOBE,99.99,6.27,,5.05,37.0,38.8
INVENTURE,99.75,1.4,,0.88,-52.3,
BAGFILMS,97.0,2.23,,12.39,2.5,-71.4
SELMC,96.98,,,,-18.5,
GRADIENTE,94.07,0.95,,2.31,827.0,
AAKASH,92.24,5.63,,7.51,26.7,531.5
BVCL,91.5,0.23,,3.61,2.9,24.9
DIGJAMLMTD,90.32,47.4,,13.83,32.7,
LPDC,89.61,3.67,,25.19,,
TOTAL,81.44,9.05,,0.12,-1.0,-92.5
NAGREEKEXP,79.69,1.96,,2.17,47.2,
TOUCHWOOD,76.15,9.44,,3.84,12.1,-51.6
PRAKASHSTL,72.8,9.0,,0.79,16.4,-73.5
NIBL,72.79,,,-21.32,27.8,
DAMODARIND,72.7,3.68,,1.98,30.9,-80.1
DIGIDRIVE,71.82,1.97,,-20.66,-7.3,
PIONEEREMB,70.07,0.39,,2.93,-3.1,200.0
PARASPETRO,68.52,-1.75,,,,
BANARBEADS,67.46,3.13,,27.73,-9.6,-2.7
JHS,66.69,-1.11,,-8.25,39.2,
TFL,66.14,-13.85,,-15.07,94.2,
DELTAMAGNT,65.48,-12.56,,3.78,17.2,
RAJTV,65.41,0.64,,2.78,-1.9,
HGM,64.44,-13.71,,-10.73,129.8,
ATLASCYCLE,63.82,-2.1,,-181.1,-83.6,
SUNDARAM,62.55,3.57,,0.84,11.9,
BALKRISHNA,59.09,,,-31.23,-46.7,
SUVIDHAA,57.66,-30.3,,,-60.0,
TPHQ,53.71,,,-55.16,,
ICDSLTD,52.63,,,0.0,,
ARCHIES,47.63,-3.36,,-49.2,-45.6,
RKDL,45.14,0.33,,8.93,-37.4,0.0
MANGALAM,45.02,-35.23,,-15.14,-7.5,
LFIC,44.37,-1.23,,,,
AMBICAAGAR,42.93,3.11,,5.12,-28.3,
BANG,41.76,,,7.9,20.3,46.5
ORIENTALTL,41.38,1.81,,20.62,-16.3,-72.1
TNTELE,40.79,,,0.0,,
ABMINTLLTD,39.09,-17.19,,10.49,-18.7,
NKIND,38.07,,,-8.06,-38.1,
LASA,37.58,-51.13,,,,
TARAPUR,36.19,,,0.0,,
DNAMEDIA,34.25,,,8.51,-71.8,
21STCENMGM,33.88,-57.21,,132.82,,
KEEPLEARN,30.05,-14.51,,-70.75,-54.7,
KANANIIND,29.68,3.84,,3.51,-61.7,
LIBAS,29.51,0.25,,-10.86,-45.3,
TREEHOUSE,29.24,-5.36,,,-53.5,
WILLAMAGOR,28.89,,,,-86.9,
TGBHOTELS,26.33,1.87,,3.63,-14.2,-58.1
ACEINTEG,22.92,-5.55,,,-93.8,
MFML,22.36,-0.02,,5.39,43.6,-78.6
TECILCHEM,20.2,,,0.0,,
HAVISHA,19.5,-21.89,,-14.48,-3.3,
SILLYMONKS,16.78,-20.27,,-21.27,-21.6,
RADAAN,16.36,,,-26.41,-28.1,
UMESLTD,16.33,4.63,,66.14,178.0,40.0
VIVIDHA,15.81,-425.41,,,,
RETAIL,14.26,-1.8,,0.19,-1.0,
LYPSAGEMS,13.65,9.99,,18.04,-72.5,
TIJARIA,12.77,,,,,
ANTGRAPHIC,12.4,,,-0.94,25.9,-75.0
NIRAJISPAT,12.03,,,0.0,,
ARENTERP,11.69,-0.83,,-97.94,56.9,
SHANTI,7.6,-96.73,,-66.19,357.7,
3BBLACKBIO,,19.89,,13.99,57.5,21.4
ABMKNO,,4.18,,11.0,4.7,-43.8
ABSLMSCIN,,,,0.0,,
AMBALALSA,,11.94,,11.09,-0.7,
AMIRCHAND,,15.85,,6.17,19.7,60.7
AONETMMQ50,,,,0.0,,
ARTEMISMED,,11.63,,13.85,14.1,28.7
ASTAR,,2.51,,0.42,-12.7,
BAJAJST,,9.1,,-0.58,-23.9,-83.3
BEEKAY,,3.46,,14.14,,
BENGALASM,,8.08,,8.78,25.1,-9.8
BHARATCOAL,,2.1,,-12.34,-15.1,-57.1
BI,,-5.21,,6.47,-3.3,1597.8
BLIL,,,,14.03,24.0,12.4
BNALTD,,-1.19,,-40.74,1.6,
CMPDI,,28.36,,27.63,11.7,-32.2
COCKERILL,,,,0.47,350.8,
CONS,,,,,,
CORDELIA,,92.3,,27.49,,
DISAQ,,18.75,,16.2,-16.2,3.6
DRAGARWQ,,25.22,,18.03,20.2,-1.2
ELCIDIN,,1.22,,103.93,,
FEDDERSHOL,,13.53,,-12.57,22.7,166.1
FLEXIADD,,,,0.0,,
FMCGADD,,,,,,
FRONTSP,,39.89,,26.51,17.8,44.5
GNRL,,5.47,,-4.18,158.5,
GRANDOAK,,0.01,,-15.67,1090.3,
GROWWHOSPI,,,,0.0,,
GROWWMOM50,,,,,,
GUJRAFFIA,,4.82,,1.79,234.3,327.8
HAWKINCOOK,,31.67,,14.12,19.2,15.8
HBESD,,,,,,
HDFCGROWTH,,,,,,
HDFCMOMENT,,,,,,
HDFCPVTBAN,,,,,,
HESTERBIO,,16.56,,29.46,40.3,968.7
INDPRUD,,7.7,,18.71,-20.0,7.2
INVPRECQ,,12.13,,13.47,20.4,98.9
IWP,,1.26,,3.64,25.8,-84.6
KAMAHOLD,,12.93,,20.11,7.1,11.0
KIRANVYPAR,,0.02,,-5.51,-11.1,
KLBRENG-B,,17.08,,18.51,49.0,4.6
KOTIC,,-39.7,,-24.15,69.5,
LAHOTIOV,,6.89,,-0.96,-28.5,-65.9
MCCHRLS-B,,-252.85,,59.13,1566.9,
MENNPIS,,15.27,,-1.83,-42.7,
MERCANTILE,,0.64,,-2.01,22.9,-56.5
MOMGF,,,,0.0,,
MOMIDMTM,,,,,,
MOTOUR,,,,,,
MSCIADD,,,,,,
NATIONSTD,,3.48,,-30.66,-100.0,-67.8
NEAGI,,9.29,,-15.49,53.3,58.5
NEXT30ADD,,,,,,
NILE,,18.99,,6.61,20.9,46.8
OMPOWER,,38.19,,13.52,67.2,30.2
PIONRINV,,9.71,,11.06,-29.0,-40.7
PML,,1.19,,-0.42,-17.2,-86.3
PRAVEG,,-2.11,,6.74,26.1,
PREMCO,,5.77,,-4.42,-24.4,
RAJPALAYAM,,,,,,
RRIL,,7.91,,5.41,-10.2,33.3
SBIMIDMOM,,,,0.0,,
SCANSTL,,5.05,,3.46,16.8,83.9
SHBAJRG,,12.31,,8.29,-41.2,71.2
SHINDL,,10.92,,1.85,24.9,-86.6
SIKA,,26.08,,24.54,-10.2,-0.6
SMALLADD,,,,,,
SMALLGROWW,,,,,,
SONAL,,6.91,,97.6,107.5,-24.8
SURYALA,,12.63,,13.16,-14.1,29.9
TAMBOLIIN,,8.31,,20.84,14.9,63.2
TENNIND,,42.97,,14.73,17.1,19.0
THAKDEV,,3.33,,-34.25,-22.6,
TOP10ADD,,,,,,
ULTRAMAR,,8.77,,9.95,2.0,-16.9
VELJAN,,10.84,,18.94,10.7,12.7
VOEPL,,,,,,
WELSPLSOL,,5.09,,-4.4,9.8,-19.7
WPIL,,10.97,,12.68,-10.6,2200.0
ZFSTEERING,,2.54,,4.39,27.1,
ZSARACOM,,8.88,,109.81,,
ZUARI,,,,-10.25,-80.3,
